"","X","gene","baseMean","log2FoldChange","lfcSE","pvalue","padj"
"1",1,"ENSG00000187608",9129.60673945773,1.94343040040142,2.21431330009837,7.82266191824127e-05,0.048396201734186
"8",8,"ENSG00000272323",115.347937192032,9.0735703227265,1.97531451454136,1.55261426779783e-07,0.000602443806790822
"13",13,"ENSG00000198932",129.511045375572,9.30370898550272,1.86159958105414,4.95096396720353e-08,0.00036755956492519
"14",14,"ENSG00000175445",179.626821850987,9.4841728427717,2.10508609685351,1.6229628415701e-07,0.000602443806790822
"20",20,"ENSG00000165949",2876.09205572733,2.28996186961026,2.38975894487239,6.53433999515126e-05,0.0441008546581845
